"repo_name","repoType","sizeUsers","status","months"
"75lb/fs-then-native","User",2,"Dead",8
"aaron9000/csvutil","User",1,"Dead",8
"ahtohbi4/matrix-slicer","User",2,"Dead",44
"alexgustafsson/homebridge-wol","User",3,"Alive",69
"alissonmbr/dirtree2json","User",1,"Dead",31
"aludirk/node-perl-regex","User",2,"Dead",14
"amandeepmittal/robotize","User",2,"Dead",44
"amitnavindgi/npm-amitnavindgi","User",1,"Dead",2
"ampjs/amp-collection","Organization",1,"Dead",12
"andr3whur5t/deploy-static-site","User",1,"Dead",0
"andwoo/jsonmake","User",1,"Dead",1
"angrykoala/chuckscript","User",2,"Dead",22
"ankeetmaini/react-infinite-scroll-component","User",3,"Alive",67
"apache/incubator-flagon-useralejs","Organization",3,"Alive",64
"appvision-gmbh/json2typescript","Organization",3,"Alive",59
"arnellebalane/devcomic","User",1,"Dead",33
"arnellebalane/wifi-cli","User",2,"Dead",20
"aurbano/resource-path","User",1,"Dead",2
"av/dtg","User",1,"Dead",0
"badavis/strict-password-generator","User",3,"Alive",57
"barchart/alerts-client-js","Organization",3,"Alive",68
"barchart/common-node-js","Organization",3,"Alive",69
"bdadam/rollup-plugin-html","User",3,"Dead",51
"beeblebrox3/super-trim","User",2,"Alive",58
"bertolo1988/progress-barzz","User",2,"Alive",55
"bjaanes/gulp-clean-compiled-typescript","User",2,"Dead",7
"bkrem/make-toc.sh","User",1,"Dead",4
"blackglory/parse-favicon","User",2,"Alive",58
"blizarazu/csv-tools","User",2,"Alive",59
"breeswish/pinyinlite","User",3,"Dead",37
"canonical-web-and-design/global-nav","Organization",3,"Alive",62
"ccisel/connect-controller","Organization",1,"Dead",6
"centagon/primer","Organization",2,"Dead",12
"cezaraugusto/nodejs-opensourceapi","User",1,"Dead",0
"chenjiah/jm-copy-base64","User",1,"Dead",0
"chenjiah/jm-mkdirs","User",1,"Dead",0
"codebling/csrf-simple-origin","User",2,"Alive",53
"corasan/leagueoflegends-node-api","User",2,"Dead",16
"cpapazaf/karma-prettybrowser-reporter","User",2,"Dead",32
"csabapalfi/freeagent","User",2,"Dead",42
"csabapalfi/github-markdown-html","User",2,"Dead",42
"csabapalfi/hapi-good-datadog","User",2,"Dead",17
"csabapalfi/html-webpack-uncss-plugin","User",2,"Dead",20
"cyrilwanner/npm-autoinstaller","User",2,"Dead",36
"danischenk/moment-feiertage","User",3,"Alive",60
"darlanrod/input-range-scss","User",3,"Zombie",68
"davidpelayo/camel-case-object-keys","User",1,"Dead",11
"ddycai/chord-transposer","User",3,"Alive",60
"deathart/translatejson","User",2,"Dead",17
"diegocosta/getvw","User",1,"Dead",5
"dmxt/beginner-windows-npm-gulp-webdev-tutorial","User",2,"Dead",34
"drsnowbird/jdk-mvn-py3","User",3,"Alive",63
"dvoiss/android-versions","User",3,"Alive",62
"edditoria/numbo","User",2,"Dead",47
"eperegrine/script_sanitizer.js","User",2,"Alive",56
"eptaccio/angular-loading-feedback","User",2,"Dead",21
"eptaccio/angular-material-facade","User",1,"Dead",13
"eptaccio/angular-materializecss-autocomplete","User",2,"Dead",17
"evoluchain/eve-react","Organization",2,"Dead",28
"feathericon/feathericon","Organization",3,"Alive",58
"florianwendelborn/apm","User",2,"Dead",20
"florianwendelborn/codements","User",1,"Dead",7
"florianwendelborn/fritz-box","User",3,"Alive",63
"florianwendelborn/spirit-body","User",3,"Dead",33
"flyingunicorn222/1broker-client","User",3,"Dead",19
"fromtheoutfit/fadable","Organization",2,"Alive",65
"fulls1z3/ngx-config","User",3,"Alive",58
"fulls1z3/ngx-meta","User",3,"Alive",59
"genpw/genpw","Organization",3,"Dead",60
"gldraphael/chordsheet","User",1,"Dead",13
"gloriajs/gloria","Organization",3,"Dead",17
"gm0t/react-sticky-el","User",3,"Alive",55
"gm0t/react-virtual-scroll","User",1,"Dead",13
"greatwizard/notosans-fontface","User",3,"Alive",62
"gswalden/pkg-env","User",1,"Dead",19
"gswalden/to-zero","User",1,"Dead",2
"gswalden/virvar","User",1,"Dead",4
"gurov/yandex-colors","User",1,"Dead",25
"gw2efficiency/account-statistics","Organization",3,"Alive",60
"gw2efficiency/account-value","Organization",2,"Alive",60
"gw2efficiency/chat-codes","Organization",2,"Dead",50
"gw2efficiency/item-attributes","Organization",2,"Dead",52
"gw2efficiency/item-value","Organization",3,"Alive",65
"gw2efficiency/playerbase-statistics","Organization",2,"Alive",59
"gw2efficiency/recipe-calculation","Organization",3,"Alive",65
"gw2efficiency/recipe-nesting","Organization",2,"Alive",66
"gw2efficiency/scraping","Organization",3,"Alive",67
"gw2efficiency/tradingpost-fees","Organization",2,"Dead",46
"hanford/angular-date-input","User",2,"Dead",31
"haoliangyu/node-project-starter","User",2,"Alive",61
"harkal/fast-throttler","User",2,"Dead",46
"hawkular/hawkinit","Organization",3,"Dead",11
"hergaiety/blabber-comic","User",2,"Dead",32
"hhsnopek/code-frame","User",3,"Dead",45
"hoyangtsai/gulp-file-post","User",2,"Dead",38
"igniteui/ignite-ui","Organization",3,"Alive",64
"imdreamrunner/js-id-number","User",2,"Alive",59
"imerica/django-react-csrftoken","User",3,"Zombie",55
"inferusvv/meeink","User",2,"Dead",2
"irazasyed/fb-kit","User",1,"Dead",0
"jaebradley/nba-stats-client","User",3,"Alive",59
"jahredhope/base64-image-loader","User",3,"Dead",49
"jahredhope/some-values","User",1,"Dead",20
"javierarmendariz/react-accordeon","User",1,"Dead",0
"jb3/webhook-discord","User",3,"Alive",57
"jinksi/outrun","User",1,"Dead",0
"jinksi/revcheck","User",1,"Dead",0
"jinksi/vultr-snapshot","User",1,"Dead",0
"jlengstorf/bemmit","User",1,"Dead",5
"jochen-schweizer/express-prom-bundle","Organization",3,"Alive",65
"jochen-schweizer/microservice-chain-logger","Organization",2,"Dead",19
"joshdsommer/nativescript-image-colors","User",2,"Dead",41
"juliancwirko/react-npm-boilerplate","User",3,"Dead",17
"juliandavidmr/argvd","User",2,"Dead",10
"junior/json-shaping","User",2,"Dead",47
"jyotman/node-stats-lite","User",1,"Dead",15
"knalli/electron-remote-dashboard","User",2,"Dead",49
"lastguest/blurmage","User",1,"Dead",0
"lelandmiller/micro-signals","User",3,"Alive",60
"lesander/console.history","User",2,"Dead",51
"llaumgui/lesshint-lint-xml-reporter","User",2,"Alive",61
"lycan-city/werewolf-brain","Organization",3,"Dead",26
"macctown/node-shop.com","User",1,"Dead",0
"magnetikonline/aws-lambda-proxy-response","User",1,"Alive",56
"magnetikonline/promessa","User",1,"Alive",62
"makerbot/locate","Organization",1,"Dead",29
"malexion/iterate-js","User",1,"Dead",10
"malexion/iterate-js-lite","User",1,"Dead",10
"maples7/node-redis-cache","User",1,"Dead",11
"maranimatias/img2gcode","User",2,"Dead",55
"maslick/radiaslider","User",2,"Alive",55
"mediamonks/seng-boilerplate","Organization",3,"Alive",67
"mediamonks/seng-disposable","Organization",3,"Dead",25
"mediamonks/seng-keycodes","Organization",2,"Dead",23
"mediamonks/seng-log","Organization",1,"Dead",3
"mediamonks/seng-signals","Organization",2,"Dead",1
"mediapeers/mpx-frontend-module-ch-error","Organization",2,"Dead",8
"mediapeers/mpx-frontend-module-thumbor","Organization",3,"Dead",44
"mediapeers/mpx-frontend-module-utils","Organization",2,"Dead",13
"meltenc/week-identifier","User",2,"Dead",19
"meyfa/angular-filemodel","User",1,"Dead",11
"meyfa/angular-filesize-filter","User",2,"Dead",22
"meyfa/recaptcha-promise","User",2,"Alive",62
"meyfa/teval","User",2,"Alive",61
"michalstocki/swagger-json-filter","User",2,"Dead",46
"miguelsavignano/pub-sub-es6","User",2,"Dead",23
"mikecheng1208/line-share","User",2,"Dead",20
"millwrightjs/millwright","Organization",1,"Dead",7
"mmahrous/thumbler","User",2,"Dead",36
"moimikey/npm-boilerplate","User",2,"Alive",67
"moimikey/typeov","User",2,"Alive",64
"moschan/react-native-progress-bar-classic","User",3,"Dead",56
"msteckyefantis/loglevels","User",1,"Dead",29
"mysticatea/bre","User",1,"Dead",22
"mysticatea/eaw","User",1,"Dead",0
"mysticatea/eslint-plugin-eslint-comments","User",3,"Alive",58
"mysticatea/if-node-version","User",2,"Dead",48
"neo/lim-it","User",1,"Dead",0
"ngx-translate/http-loader","Organization",3,"Alive",57
"nickpalenchar/goodtimer","User",2,"Alive",62
"niedzielski/eslint-config-rndmem","User",1,"Dead",7
"niespodd/legal-eagle-cli","User",2,"Dead",28
"nobrainr/typescript-webpack-starter","Organization",3,"Alive",62
"nonemoticoner/hotslogs","User",1,"Dead",11
"nupamore/anisub","User",2,"Dead",12
"nupamore/smi2vtt","User",2,"Alive",52
"opentable/eslint-config-spur","Organization",1,"Dead",0
"oresoftware/curtain","User",2,"Dead",14
"ory/hydra-js","Organization",2,"Dead",11
"ourai/handie","User",2,"Alive",57
"pact-foundation/pact-provider-verifier-npm","Organization",2,"Dead",15
"padarom/wspackager","User",2,"Dead",55
"pbelyaev/laravel-blade-compiler","User",2,"Dead",11
"pustur/postcss-italian-stylesheets","User",1,"Dead",0
"pustur/pug-lint-config-pustur","User",1,"Dead",5
"quakkels/roast.it","User",2,"Dead",22
"queicherius/abc-environment","User",2,"Dead",24
"queicherius/fast-get","User",2,"Dead",41
"queicherius/generic-checkmark-reporter","User",2,"Dead",28
"queicherius/gw2api-client","User",3,"Alive",68
"queicherius/i18next-extract-gettext","User",2,"Dead",27
"queicherius/i18next-po-loader","User",2,"Zombie",57
"queicherius/karma-checkmark-reporter","User",1,"Dead",28
"queicherius/karma-shell-reporter","User",1,"Dead",28
"queicherius/lets-fetch","User",2,"Dead",58
"queicherius/mocha-checkmark-reporter","User",1,"Dead",28
"queicherius/pagespeed-cli","User",2,"Dead",28
"queicherius/promise-control-flow","User",2,"Dead",51
"queicherius/raven-blacklist","User",2,"Dead",27
"queicherius/react-globe","User",2,"Dead",27
"queicherius/react-globe-cli","User",2,"Dead",27
"queicherius/sh-watch","User",1,"Dead",28
"queicherius/simple-worker","User",2,"Dead",45
"queicherius/sum-by","User",2,"Dead",41
"rajathavalam/express-mvc-generator","User",3,"Alive",58
"raphaelbs/socketio-server","User",1,"Dead",25
"riyadhalnur/npm-modules-sync","User",3,"Alive",56
"rumyantsevmichael/e-num.js","User",1,"Dead",11
"ryu1kn/csv-writer","User",3,"Alive",62
"safetyculture/bcp47","Organization",3,"Dead",45
"sagold/gson-query","User",3,"Alive",57
"sagold/json-schema-library","User",3,"Alive",59
"sahildua2305/text-watermark","User",3,"Dead",54
"sanichkotikov/average-array-objects","User",1,"Dead",0
"sanichkotikov/react-divtable","User",2,"Dead",37
"sanichkotikov/simple-react-button","User",1,"Dead",34
"sanichkotikov/sort-array-objects","User",1,"Dead",44
"sawa-zen/zenpad.js","User",1,"Dead",13
"sayanc93/stringpad","User",2,"Dead",28
"sbolel/ionic-image-upload","User",2,"Dead",10
"scalarwaves/iloa","User",2,"Dead",30
"sellerlabs/ui-beakers","Organization",3,"Dead",9
"servel333/vogels-promisified","User",2,"Dead",17
"sgnl/nodeku","User",3,"Dead",18
"sgnl/punc","User",2,"Dead",20
"signaes/spirals","User",1,"Alive",56
"simonewebdesign/elm-new","User",2,"Dead",48
"sindresorhus/alfred-emoj","User",3,"Alive",59
"sindresorhus/alfred-npms","User",3,"Alive",59
"sindresorhus/bitbar","User",3,"Alive",63
"sindresorhus/conf","User",3,"Alive",63
"sindresorhus/electron-store","User",3,"Alive",64
"sindresorhus/eslint-formatter-pretty","User",3,"Alive",61
"sindresorhus/fast-cli","User",3,"Alive",64
"sindresorhus/p-queue","User",3,"Alive",59
"sindresorhus/term-img","User",3,"Alive",62
"sindresorhus/term-img-cli","User",2,"Alive",62
"sodexounofficial/sodexo","Organization",2,"Dead",38
"soleo/font-bftinyhand","User",2,"Alive",57
"spali/ng2-movable","User",3,"Alive",53
"splittydev/evee.js","User",3,"Dead",14
"strugee/node-git-clone-or-pull","User",3,"Dead",49
"sulfureux/maven-cli","Organization",1,"Dead",8
"sumanjs/suman-utils","Organization",1,"Dead",27
"sumitnitsurat/phonenumber-to-area","User",2,"Dead",18
"taoalpha/npm-trending","User",2,"Alive",59
"tclindner/grunt-npm-package-json-lint","User",2,"Dead",48
"tclindner/npm-package-json-lint","User",3,"Alive",66
"thatisuday/npm-time-ago","User",2,"Dead",18
"thecreation/assets-manager","User",1,"Dead",26
"thedgmbh/multi-rest","Organization",3,"Dead",18
"theforeman/npm2rpm","Organization",3,"Alive",56
"threeletters/asyncconsole","Organization",2,"Dead",16
"threeletters/cli-gui","Organization",1,"Dead",10
"threeletters/cli-gui2","Organization",2,"Dead",22
"threeletters/minirequest","Organization",2,"Dead",9
"threeletters/rson","Organization",1,"Dead",12
"threeletters/styleme","Organization",2,"Alive",61
"tilfin/s3-block-read-stream","User",2,"Dead",18
"urbanjs/urbanjs-tools","Organization",2,"Dead",21
"vaeum/roboto-npm-webfont","Organization",2,"Dead",19
"vajahath/is-good-json","User",2,"Dead",13
"valeriansaliou/node-fast-ratelimit","User",3,"Alive",67
"veliovgroup/client-storage","Organization",3,"Zombie",58
"veliovgroup/josk","Organization",2,"Zombie",51
"veliovgroup/ostrio-analytics","Organization",2,"Dead",47
"veliovgroup/spiderable-middleware","Organization",3,"Alive",67
"vivaxy/impression","User",2,"Dead",33
"vladgolubev/missing-deep-keys","User",2,"Dead",44
"voyagegroup/eslint-config-fluct","Organization",3,"Dead",43
"vrinceanuv/devanilla","User",1,"Dead",11
"vuejs/eslint-plugin-vue","Organization",3,"Alive",61
"warlock/argcon","User",1,"Dead",16
"warlock/boilerpipe-scraper","User",2,"Dead",46
"warlock/eem","User",1,"Dead",15
"wikimedia/eslint-config-node-services","Organization",3,"Dead",28
"wildpeaks/archived--package-preact-component-html","Organization",2,"Dead",51
"wildpeaks/archived-package-dom-entry-context","Organization",2,"Dead",49
"wildpeaks/archived-package-preact-test-utils","Organization",1,"Dead",31
"wildpeaks/package-frozen","Organization",2,"Alive",59
"wildpeaks/package-preact-render-worker","Organization",2,"Dead",34
"wildpeaks/package-snapshot-dom","Organization",2,"Alive",60
"wildpeaks/package-store","Organization",2,"Alive",58
"wildpeaks/packages-eslint-config","Organization",3,"Alive",60
"williambelle/princess-names","User",1,"Alive",58
"xpl/ansicolor","User",3,"Alive",59
"yui540/nicojs","User",2,"Dead",10
"yui540/onsen-node","User",2,"Dead",46
"ziyasal/scientist.js","User",3,"Dead",40
"zkiiito/node-sbrick-protocol","User",2,"Dead",41
