page,index,repo,owner,name,type,authors,commits,pulls,issues,comments,reviews
1,0,vuejs/eslint-plugin-vue,vuejs,eslint-plugin-vue,Organization,4088,910,754,900,5002,1127
1,1,sindresorhus/electron-store,sindresorhus,electron-store,User,613,96,30,174,651,40
1,2,sindresorhus/fast-cli,sindresorhus,fast-cli,User,131,49,27,40,201,23
1,3,sindresorhus/p-queue,sindresorhus,p-queue,User,375,115,60,96,654,145
1,4,ankeetmaini/react-infinite-scroll-component,ankeetmaini,react-infinite-scroll-component,User,938,214,116,185,787,41
1,5,sindresorhus/conf,sindresorhus,conf,User,174,157,82,73,978,315
1,6,ziyasal/scientist.js,ziyasal,scientist.js,User,11,35,3,1,3,0
1,7,IgniteUI/ignite-ui,igniteui,ignite-ui,Organization,109,6942,1569,584,4154,1953
1,8,sindresorhus/eslint-formatter-pretty,sindresorhus,eslint-formatter-pretty,User,35,66,32,22,127,30
1,9,nobrainr/typescript-webpack-starter,nobrainr,typescript-webpack-starter,Organization,31,228,73,19,47,3
1,10,fulls1z3/ngx-meta,fulls1z3,ngx-meta,User,177,313,125,92,566,7
1,11,sindresorhus/alfred-emoj,sindresorhus,alfred-emoj,User,57,28,6,21,106,8
1,12,sindresorhus/alfred-npms,sindresorhus,alfred-npms,User,32,48,13,17,136,16
1,13,sindresorhus/bitbar,sindresorhus,bitbar,User,22,43,14,16,68,10
1,14,darlanrod/input-range-scss,darlanrod,input-range-scss,User,23,45,11,9,33,0
1,15,sindresorhus/term-img,sindresorhus,term-img,User,16,34,7,8,15,4
1,16,mysticatea/eslint-plugin-eslint-comments,mysticatea,eslint-plugin-eslint-comments,User,73,98,20,43,125,11
1,17,appvision-gmbh/json2typescript,appvision-gmbh,json2typescript,Organization,165,195,39,130,642,31
1,18,juliancwirko/react-npm-boilerplate,juliancwirko,react-npm-boilerplate,User,19,11,4,6,27,0
1,19,breeswish/pinyinlite,breeswish,pinyinlite,User,21,22,0,9,27,0
1,20,gm0t/react-sticky-el,gm0t,react-sticky-el,User,93,79,28,44,138,3
1,21,jochen-schweizer/express-prom-bundle,jochen-schweizer,express-prom-bundle,Organization,136,214,51,45,201,2
1,22,SplittyDev/evee.js,splittydev,evee.js,User,6,82,2,4,9,0
1,23,ngx-translate/http-loader,ngx-translate,http-loader,Organization,527,37,40,59,281,20
1,24,feathericon/feathericon,feathericon,feathericon,Organization,23,316,70,59,29,0
1,25,AlexGustafsson/homebridge-wol,alexgustafsson,homebridge-wol,User,138,167,28,125,708,10
1,26,ryu1kn/csv-writer,ryu1kn,csv-writer,User,108,176,14,66,258,3
1,27,gloriajs/gloria,gloriajs,gloria,Organization,22,267,40,83,157,3
1,28,fulls1z3/ngx-config,fulls1z3,ngx-config,User,70,217,129,41,363,6
1,29,tclindner/npm-package-json-lint,tclindner,npm-package-json-lint,User,70,430,417,82,429,73
1,30,valeriansaliou/node-fast-ratelimit,valeriansaliou,node-fast-ratelimit,User,28,96,10,10,45,0
1,31,jb3/webhook-discord,jb3,webhook-discord,User,55,209,33,39,266,39
1,32,simonewebdesign/elm-new,simonewebdesign,elm-new,User,4,127,17,4,7,0
1,33,sindresorhus/term-img-cli,sindresorhus,term-img-cli,User,4,17,2,2,4,0
1,34,xpl/ansicolor,xpl,ansicolor,User,12,260,7,9,31,0
1,35,vivaxy/impression,vivaxy,impression,User,4,113,16,7,13,0
1,36,nickpalenchar/goodtimer,nickpalenchar,goodtimer,User,3,196,43,21,3,0
1,37,rajathavalam/express-mvc-generator,rajathavalam,express-mvc-generator,User,19,10,0,11,24,0
1,38,queicherius/gw2api-client,queicherius,gw2api-client,User,16,314,37,37,136,19
1,39,dmxt/beginner-windows-npm-gulp-webdev-tutorial,dmxt,beginner-windows-npm-gulp-webdev-tutorial,User,2,66,5,0,0,0
1,40,ddycai/chord-transposer,ddycai,chord-transposer,User,18,77,7,13,24,4
1,41,lelandmiller/micro-signals,lelandmiller,micro-signals,User,10,145,40,1,84,22
1,42,moschan/react-native-progress-bar-classic,moschan,react-native-progress-bar-classic,User,6,26,2,6,2,0
1,43,yui540/nicoJS,yui540,nicojs,User,4,16,2,2,7,0
1,44,inferusvv/MeeInk,inferusvv,meeink,User,2,10,0,1,6,0
1,45,angrykoala/chuckscript,angrykoala,chuckscript,User,4,22,0,17,6,0
1,46,bdadam/rollup-plugin-html,bdadam,rollup-plugin-html,User,13,29,2,6,12,0
1,47,queicherius/react-globe,queicherius,react-globe,User,3,35,2,5,2,0
1,48,lesander/console.history,lesander,console.history,User,2,70,4,1,1,0
1,49,veliovgroup/spiderable-middleware,veliovgroup,spiderable-middleware,Organization,8,160,7,6,39,0
1,50,MaraniMatias/img2gcode,maranimatias,img2gcode,User,4,246,2,2,3,0
1,51,veliovgroup/josk,veliovgroup,josk,Organization,5,107,4,3,19,1
1,52,jaebradley/nba-stats-client,jaebradley,nba-stats-client,User,7,75,42,20,379,0
1,53,iMerica/django-react-csrftoken,imerica,django-react-csrftoken,User,7,18,4,2,8,1
1,54,DaniSchenk/moment-feiertage,danischenk,moment-feiertage,User,14,86,16,8,26,0
1,55,yui540/onsen-node,yui540,onsen-node,User,3,29,0,1,0,0
1,56,millwrightjs/millwright,millwrightjs,millwright,Organization,1,220,0,0,0,0
1,57,sahildua2305/text-watermark,sahildua2305,text-watermark,User,6,28,1,6,4,1
1,58,sbolel/ionic-image-upload,sbolel,ionic-image-upload,User,3,9,3,2,5,0
1,59,BlackGlory/parse-favicon,blackglory,parse-favicon,User,5,99,15,5,13,0
1,60,hhsnopek/code-frame,hhsnopek,code-frame,User,8,53,37,10,148,0
1,61,imdreamrunner/js-id-number,imdreamrunner,js-id-number,User,2,49,21,0,2,0
1,62,servel333/vogels-promisified,servel333,vogels-promisified,User,5,19,1,2,7,0
1,63,flyingunicorn222/1broker-client,flyingunicorn222,1broker-client,User,6,165,0,4,4,0
1,64,maslick/radiaSlider,maslick,radiaslider,User,5,158,15,5,11,1
1,65,apache/incubator-flagon-useralejs,apache,incubator-flagon-useralejs,Organization,14,390,126,47,254,31
1,66,ory/hydra-js,ory,hydra-js,Organization,5,23,5,1,21,4
1,67,FlorianWendelborn/fritz-box,florianwendelborn,fritz-box,User,9,53,35,3,29,10
1,68,sagold/json-schema-library,sagold,json-schema-library,User,8,487,6,8,18,0
1,69,scalarwaves/iloa,scalarwaves,iloa,User,3,111,2,14,9,0
1,70,veliovgroup/ostrio-analytics,veliovgroup,ostrio-analytics,Organization,2,58,0,2,14,0
1,71,GreatWizard/notosans-fontface,greatwizard,notosans-fontface,User,10,22,10,3,8,1
1,72,fromtheoutfit/fadable,fromtheoutfit,fadable,Organization,3,80,53,6,15,0
1,73,knalli/electron-remote-dashboard,knalli,electron-remote-dashboard,User,4,12,13,5,7,0
1,74,veliovgroup/Client-Storage,veliovgroup,client-storage,Organization,7,48,2,4,30,2
1,75,mysticatea/if-node-version,mysticatea,if-node-version,User,2,14,3,0,1,0
1,76,queicherius/i18next-po-loader,queicherius,i18next-po-loader,User,4,9,1,2,4,0
1,77,sgnl/nodeku,sgnl,nodeku,User,6,176,14,12,24,3
1,78,MikeCheng1208/line-share,mikecheng1208,line-share,User,3,21,0,2,1,0
1,79,macctown/node-shop.com,macctown,node-shop.com,User,0,12,0,0,0,0
1,80,jahredhope/base64-image-loader,jahredhope,base64-image-loader,User,6,21,18,1,270,2
1,81,arnellebalane/wifi-cli,arnellebalane,wifi-cli,User,3,48,2,1,3,1
1,82,thatisuday/npm-time-ago,thatisuday,npm-time-ago,User,5,4,1,3,5,0
1,83,mysticatea/eaw,mysticatea,eaw,User,1,32,0,0,0,0
1,84,sawa-zen/zenpad.js,sawa-zen,zenpad.js,User,1,176,0,0,0,0
1,85,dvoiss/android-versions,dvoiss,android-versions,User,14,51,18,8,23,1
1,86,DrSnowbird/jdk-mvn-py3,drsnowbird,jdk-mvn-py3,User,11,157,1,4,11,0
1,87,theforeman/npm2rpm,theforeman,npm2rpm,Organization,20,99,49,18,172,74
1,88,mysticatea/bre,mysticatea,bre,User,1,43,0,1,0,0
1,89,lycan-city/werewolf-brain,lycan-city,werewolf-brain,Organization,6,197,61,34,101,105
1,90,vaeum/roboto-npm-webfont,vaeum,roboto-npm-webfont,Organization,4,16,4,3,2,0
1,91,tilfin/s3-block-read-stream,tilfin,s3-block-read-stream,User,2,19,3,0,2,0
1,92,nupamore/anisub,nupamore,anisub,User,2,19,0,1,10,0
1,93,mmahrous/thumbler,mmahrous,thumbler,User,5,13,2,1,10,2
1,94,MiguelSavignano/pub-sub-es6,miguelsavignano,pub-sub-es6,User,2,64,1,1,2,0
1,95,zkiiito/node-sbrick-protocol,zkiiito,node-sbrick-protocol,User,4,65,5,3,11,0
1,96,sodexounofficial/sodexo,sodexounofficial,sodexo,Organization,5,16,1,3,6,0
1,97,urbanjs/urbanjs-tools,urbanjs,urbanjs-tools,Organization,4,236,1,3,9,0
1,98,pbelyaev/laravel-blade-compiler,pbelyaev,laravel-blade-compiler,User,4,59,11,17,25,0
1,99,wildpeaks/package-snapshot-dom,wildpeaks,package-snapshot-dom,Organization,5,544,247,5,28,0
2,0,bkrem/make-toc.sh,bkrem,make-toc.sh,User,1,118,0,10,2,0
2,1,eptaccio/angular-loading-feedback,eptaccio,angular-loading-feedback,User,2,42,2,0,0,0
2,2,cyrilwanner/npm-autoinstaller,cyrilwanner,npm-autoinstaller,User,5,59,19,13,46,1
2,3,riyadhalnur/npm-modules-sync,riyadhalnur,npm-modules-sync,User,11,179,114,13,637,28
2,4,mediamonks/seng-boilerplate,mediamonks,seng-boilerplate,Organization,13,172,57,18,86,14
2,5,sagold/gson-query,sagold,gson-query,User,7,175,15,2,14,0
2,6,badavis/strict-password-generator,badavis,strict-password-generator,User,8,26,10,3,6,1
2,7,Edditoria/numbo,edditoria,numbo,User,2,171,0,1,8,0
2,8,gw2efficiency/account-statistics,gw2efficiency,account-statistics,Organization,6,276,13,0,20,4
2,9,michalstocki/swagger-json-filter,michalstocki,swagger-json-filter,User,4,33,4,1,3,2
2,10,JoshDSommer/nativescript-image-colors,joshdsommer,nativescript-image-colors,User,5,18,1,4,2,0
2,11,spali/ng2-movable,spali,ng2-movable,User,10,22,2,12,42,0
2,12,ThreeLetters/RSON,threeletters,rson,Organization,1,157,2,0,0,0
2,13,eptaccio/angular-material-facade,eptaccio,angular-material-facade,User,1,20,0,0,0,0
2,14,gw2efficiency/chat-codes,gw2efficiency,chat-codes,Organization,4,40,8,0,35,0
2,15,thecreation/assets-manager,thecreation,assets-manager,User,1,56,0,0,0,0
2,16,queicherius/pagespeed-cli,queicherius,pagespeed-cli,User,2,18,1,0,1,0
2,17,ThreeLetters/CLI-GUI2,threeletters,cli-gui2,Organization,2,57,0,2,1,0
2,18,voyagegroup/eslint-config-fluct,voyagegroup,eslint-config-fluct,Organization,7,249,92,56,420,28
2,19,padarom/wspackager,padarom,wspackager,User,4,56,2,5,11,2
2,20,wildpeaks/archived-package-preact-test-utils,wildpeaks,archived-package-preact-test-utils,Organization,1,16,1,0,0,0
2,21,javierarmendariz/react-accordeon,javierarmendariz,react-accordeon,User,1,11,0,0,0,0
2,22,gldraphael/chordsheet,gldraphael,chordsheet,User,1,106,2,6,2,0
2,23,eptaccio/angular-materializecss-autocomplete,eptaccio,angular-materializecss-autocomplete,User,4,24,0,9,2,0
2,24,thedgmbh/multi-rest,thedgmbh,multi-rest,Organization,7,86,3,3,10,0
2,25,quakkels/roast.it,quakkels,roast.it,User,3,24,10,1,9,6
2,26,SafetyCulture/bcp47,safetyculture,bcp47,Organization,8,14,5,0,3,1
2,27,harkal/fast-throttler,harkal,fast-throttler,User,2,18,2,0,0,0
2,28,alissonmbr/dirtree2json,alissonmbr,dirtree2json,User,1,22,0,1,0,0
2,29,hawkular/hawkinit,hawkular,hawkinit,Organization,11,154,13,30,62,8
2,30,FlorianWendelborn/apm,florianwendelborn,apm,User,2,4,0,1,10,0
2,31,bjaanes/gulp-clean-compiled-typescript,bjaanes,gulp-clean-compiled-typescript,User,3,16,1,1,2,0
2,32,warlock/eem,warlock,eem,User,1,34,1,0,0,0
2,33,jochen-schweizer/microservice-chain-logger,jochen-schweizer,microservice-chain-logger,Organization,2,33,1,0,4,0
2,34,jlengstorf/bemmit,jlengstorf,bemmit,User,1,18,0,0,0,0
2,35,gw2efficiency/recipe-calculation,gw2efficiency,recipe-calculation,Organization,6,119,6,0,5,1
2,36,Nonemoticoner/hotslogs,nonemoticoner,hotslogs,User,1,4,0,0,0,0
2,37,meyfa/angular-filesize-filter,meyfa,angular-filesize-filter,User,3,14,1,1,4,0
2,38,gw2efficiency/tradingpost-fees,gw2efficiency,tradingpost-fees,Organization,2,14,1,0,0,0
2,39,warlock/boilerpipe-scraper,warlock,boilerpipe-scraper,User,3,38,0,1,0,0
2,40,warlock/argcon,warlock,argcon,User,1,23,1,0,0,0
2,41,magnetikonline/aws-lambda-proxy-response,magnetikonline,aws-lambda-proxy-response,User,1,11,0,0,0,0
2,42,strugee/node-git-clone-or-pull,strugee,node-git-clone-or-pull,User,8,114,17,18,76,0
2,43,SanichKotikov/sort-array-objects,sanichkotikov,sort-array-objects,User,1,6,0,0,0,0
2,44,meltenc/week-identifier,meltenc,week-identifier,User,2,22,1,0,0,0
2,45,Maples7/node-redis-cache,maples7,node-redis-cache,User,1,30,0,0,0,0
2,46,amandeepmittal/robotize,amandeepmittal,robotize,User,4,7,1,2,26,0
2,47,ThreeLetters/StyleMe,threeletters,styleme,Organization,2,157,0,1,0,0
2,48,taoalpha/npm-trending,taoalpha,npm-trending,User,5,6223,31,2,159,0
2,49,Pustur/postcss-italian-stylesheets,pustur,postcss-italian-stylesheets,User,1,14,0,1,0,0
2,50,gw2efficiency/scraping,gw2efficiency,scraping,Organization,6,85,10,0,11,3
2,51,ampjs/Amp-Collection,ampjs,amp-collection,Organization,1,151,18,9,0,0
2,52,SanichKotikov/simple-react-button,sanichkotikov,simple-react-button,User,1,9,0,0,0,0
2,53,75lb/fs-then-native,75lb,fs-then-native,User,2,19,1,0,1,0
2,54,queicherius/lets-fetch,queicherius,lets-fetch,User,4,107,13,11,56,0
2,55,niespodd/legal-eagle-cli,niespodd,legal-eagle-cli,User,2,22,2,0,0,0
2,56,FlorianWendelborn/spirit-body,florianwendelborn,spirit-body,User,6,75,21,3,11,1
2,57,gw2efficiency/account-value,gw2efficiency,account-value,Organization,2,137,1,0,0,0
2,58,moimikey/typeov,moimikey,typeov,User,5,187,192,0,89,0
2,59,lastguest/blurmage,lastguest,blurmage,User,0,7,0,0,0,0
2,60,sgnl/punc,sgnl,punc,User,2,127,1,5,2,0
2,61,ourai/handie,ourai,handie,User,3,284,9,0,1,0
2,62,Jinksi/outrun,jinksi,outrun,User,1,14,0,0,0,0
2,63,queicherius/fast-get,queicherius,fast-get,User,4,25,4,1,15,0
2,64,ChenJiaH/jm-mkdirs,chenjiah,jm-mkdirs,User,0,2,0,0,0,0
2,65,queicherius/i18next-extract-gettext,queicherius,i18next-extract-gettext,User,3,15,1,1,3,0
2,66,gw2efficiency/item-attributes,gw2efficiency,item-attributes,Organization,2,56,1,0,0,0
2,67,sumanjs/suman-utils,sumanjs,suman-utils,Organization,1,232,1,2,0,0
2,68,irazasyed/fb-kit,irazasyed,fb-kit,User,1,1,0,0,0,0
2,69,aaron9000/csvutil,aaron9000,csvutil,User,1,51,2,5,0,0
2,70,ORESoftware/curtain,oresoftware,curtain,User,2,65,0,1,0,0
2,71,queicherius/react-globe-cli,queicherius,react-globe-cli,User,3,16,2,0,1,0
2,72,aurbano/resource-path,aurbano,resource-path,User,1,26,0,0,0,0
2,73,ahtohbi4/matrix-slicer,ahtohbi4,matrix-slicer,User,3,148,2,0,5,0
2,74,ThreeLetters/CLI-GUI,threeletters,cli-gui,Organization,1,217,0,0,0,0
2,75,SanichKotikov/react-divtable,sanichkotikov,react-divtable,User,2,8,0,1,2,0
2,76,ThreeLetters/AsyncConsole,threeletters,asyncconsole,Organization,2,31,1,1,5,0
2,77,wikimedia/eslint-config-node-services,wikimedia,eslint-config-node-services,Organization,15,65,27,6,83,10
2,78,sumitnitsurat/PhoneNumber-to-Area,sumitnitsurat,phonenumber-to-area,User,2,6,0,1,1,0
2,79,queicherius/simple-worker,queicherius,simple-worker,User,3,96,13,10,57,0
2,80,csabapalfi/github-markdown-html,csabapalfi,github-markdown-html,User,4,59,16,1,76,0
2,81,corasan/leagueoflegends-node-api,corasan,leagueoflegends-node-api,User,2,89,0,1,3,0
2,82,soleo/font-BFTinyHand,soleo,font-bftinyhand,User,4,36,11,1,0,0
2,83,beeblebrox3/super-trim,beeblebrox3,super-trim,User,2,13,17,0,12,1
2,84,queicherius/abc-environment,queicherius,abc-environment,User,4,144,66,9,118,0
2,85,csabapalfi/hapi-good-datadog,csabapalfi,hapi-good-datadog,User,3,7,2,1,10,0
2,86,Jinksi/vultr-snapshot,jinksi,vultr-snapshot,User,1,5,0,0,0,0
2,87,gurov/yandex-colors,gurov,yandex-colors,User,1,21,0,0,0,0
2,88,wildpeaks/packages-eslint-config,wildpeaks,packages-eslint-config,Organization,7,814,306,7,139,0
2,89,queicherius/sum-by,queicherius,sum-by,User,5,19,6,1,18,0
2,90,gw2efficiency/item-value,gw2efficiency,item-value,Organization,7,264,17,0,20,6
2,91,csabapalfi/freeagent,csabapalfi,freeagent,User,4,5,2,1,5,0
2,92,queicherius/promise-control-flow,queicherius,promise-control-flow,User,3,34,3,1,13,0
2,93,csabapalfi/html-webpack-uncss-plugin,csabapalfi,html-webpack-uncss-plugin,User,3,18,5,2,18,0
2,94,meyfa/recaptcha-promise,meyfa,recaptcha-promise,User,2,28,9,0,1,0
2,95,ChenJiaH/jm-copy-base64,chenjiah,jm-copy-base64,User,0,2,0,0,0,0
2,96,Malexion/iterate-js,malexion,iterate-js,User,1,82,0,0,0,0
2,97,centagon/primer,centagon,primer,Organization,4,181,13,1,3,5
2,98,mediamonks/seng-signals,mediamonks,seng-signals,Organization,2,52,1,0,0,0
2,99,meyfa/teval,meyfa,teval,User,2,48,6,0,0,0
3,0,queicherius/generic-checkmark-reporter,queicherius,generic-checkmark-reporter,User,2,18,1,0,0,0
3,1,blizarazu/csv-tools,blizarazu,csv-tools,User,2,39,6,0,1,0
3,2,moimikey/npm-boilerplate,moimikey,npm-boilerplate,User,4,422,295,1,133,0
3,3,tclindner/grunt-npm-package-json-lint,tclindner,grunt-npm-package-json-lint,User,2,112,77,2,3,0
3,4,Andr3wHur5t/deploy-static-site,andr3whur5t,deploy-static-site,User,1,2,0,0,0,0
3,5,codebling/csrf-simple-origin,codebling,csrf-simple-origin,User,2,42,2,0,0,0
3,6,barchart/common-node-js,barchart,common-node-js,Organization,8,1952,3,1,1,0
3,7,cezaraugusto/nodejs-opensourceapi,cezaraugusto,nodejs-opensourceapi,User,1,2,0,0,0,0
3,8,raphaelbs/socketio-server,raphaelbs,socketio-server,User,1,19,0,0,0,0
3,9,ThreeLetters/MiniRequest,threeletters,minirequest,Organization,3,77,0,1,5,0
3,10,gm0t/react-virtual-scroll,gm0t,react-virtual-scroll,User,1,7,0,0,0,0
3,11,wildpeaks/archived-package-dom-entry-context,wildpeaks,archived-package-dom-entry-context,Organization,4,464,234,3,29,0
3,12,gw2efficiency/playerbase-statistics,gw2efficiency,playerbase-statistics,Organization,3,30,7,2,26,0
3,13,wildpeaks/package-store,wildpeaks,package-store,Organization,4,1537,910,3,248,0
3,14,gswalden/to-zero,gswalden,to-zero,User,0,8,0,0,0,0
3,15,andwoo/jsonmake,andwoo,jsonmake,User,1,11,0,0,0,0
3,16,Aludirk/node-perl-regex,aludirk,node-perl-regex,User,3,14,2,0,0,1
3,17,gw2efficiency/recipe-nesting,gw2efficiency,recipe-nesting,Organization,2,47,1,0,0,0
3,18,wildpeaks/package-frozen,wildpeaks,package-frozen,Organization,4,1027,507,2,76,0
3,19,barchart/alerts-client-js,barchart,alerts-client-js,Organization,6,1038,13,1,15,0
3,20,msteckyefantis/loglevels,msteckyefantis,loglevels,User,1,140,0,0,0,0
3,21,deathart/TranslateJSON,deathart,translatejson,User,2,111,0,1,0,0
3,22,hergaiety/blabber-comic,hergaiety,blabber-comic,User,2,21,1,3,0,0
3,23,eperegrine/script_sanitizer.js,eperegrine,script_sanitizer.js,User,2,58,0,1,2,0
3,24,llaumgui/lesshint-lint-xml-reporter,llaumgui,lesshint-lint-xml-reporter,User,4,27,7,1,4,0
3,25,jyotman/node-stats-lite,jyotman,node-stats-lite,User,1,19,0,0,0,0
3,26,hanford/angular-date-input,hanford,angular-date-input,User,3,6,1,2,3,0
3,27,evoluchain/eve-react,evoluchain,eve-react,Organization,2,80,0,0,0,0
3,28,genpw/genpw,genpw,genpw,Organization,8,489,221,6,149,0
3,29,canonical-web-and-design/global-nav,canonical-web-and-design,global-nav,Organization,43,353,149,38,304,198
3,30,neo/lim-it,neo,lim-it,User,1,4,0,0,0,0
3,31,arnellebalane/devcomic,arnellebalane,devcomic,User,1,73,2,4,2,0
3,32,av/dtg,av,dtg,User,1,5,0,0,0,0
3,33,amitnavindgi/npm-amitnavindgi,amitnavindgi,npm-amitnavindgi,User,1,6,0,0,0,0
3,34,queicherius/karma-shell-reporter,queicherius,karma-shell-reporter,User,1,5,0,0,0,0
3,35,opentable/eslint-config-spur,opentable,eslint-config-spur,Organization,1,16,3,0,0,0
3,36,mediamonks/seng-log,mediamonks,seng-log,Organization,1,15,0,0,0,0
3,37,queicherius/sh-watch,queicherius,sh-watch,User,1,8,0,0,0,0
3,38,signaes/spirals,signaes,spirals,User,1,34,12,0,3,0
3,39,magnetikonline/promessa,magnetikonline,promessa,User,1,19,0,0,0,0
3,40,mediapeers/mpx-frontend-module-ch-error,mediapeers,mpx-frontend-module-ch-error,Organization,2,3,1,0,0,0
3,41,SanichKotikov/average-array-objects,sanichkotikov,average-array-objects,User,1,2,0,0,0,0
3,42,Malexion/iterate-js-lite,malexion,iterate-js-lite,User,1,30,0,0,0,0
3,43,vajahath/is-good-json,vajahath,is-good-json,User,4,27,4,0,7,1
3,44,sellerlabs/ui-beakers,sellerlabs,ui-beakers,Organization,8,34,7,0,12,12
3,45,mediamonks/seng-disposable,mediamonks,seng-disposable,Organization,6,33,3,1,13,2
3,46,hoyangtsai/gulp-file-post,hoyangtsai,gulp-file-post,User,3,38,0,2,1,0
3,47,williambelle/princess-names,williambelle,princess-names,User,1,124,0,0,0,0
3,48,CCISEL/connect-controller,ccisel,connect-controller,Organization,1,256,0,24,8,0
3,49,nupamore/smi2vtt,nupamore,smi2vtt,User,3,10,3,0,2,0
3,50,mediapeers/mpx-frontend-module-thumbor,mediapeers,mpx-frontend-module-thumbor,Organization,6,17,7,0,8,0
3,51,vladgolubev/missing-deep-keys,vladgolubev,missing-deep-keys,User,3,19,2,0,1,0
3,52,jahredhope/some-values,jahredhope,some-values,User,1,4,1,0,0,0
3,53,pact-foundation/pact-provider-verifier-npm,pact-foundation,pact-provider-verifier-npm,Organization,3,44,1,2,5,0
3,54,cpapazaf/karma-prettybrowser-reporter,cpapazaf,karma-prettybrowser-reporter,User,4,21,2,0,0,0
3,55,davidpelayo/camel-case-object-keys,davidpelayo,camel-case-object-keys,User,1,3,0,0,0,0
3,56,queicherius/raven-blacklist,queicherius,raven-blacklist,User,2,4,0,1,0,0
3,57,Jinksi/revcheck,jinksi,revcheck,User,1,12,0,0,0,0
3,58,meyfa/angular-filemodel,meyfa,angular-filemodel,User,1,15,0,0,0,0
3,59,mediamonks/seng-keycodes,mediamonks,seng-keycodes,Organization,3,15,1,0,0,0
3,60,niedzielski/eslint-config-rndmem,niedzielski,eslint-config-rndmem,User,1,99,0,0,0,0
3,61,bertolo1988/progress-barzz,bertolo1988,progress-barzz,User,2,26,2,0,0,0
3,62,RumyantsevMichael/e-num.js,rumyantsevmichael,e-num.js,User,1,10,0,1,0,0
3,63,gswalden/virvar,gswalden,virvar,User,1,12,0,0,0,0
3,64,Sayanc93/stringpad,sayanc93,stringpad,User,2,3,0,1,0,0
3,65,gswalden/pkg-env,gswalden,pkg-env,User,1,10,1,0,0,0
3,66,queicherius/karma-checkmark-reporter,queicherius,karma-checkmark-reporter,User,1,11,0,0,0,0
3,67,wildpeaks/archived--package-preact-component-html,wildpeaks,archived--package-preact-component-html,Organization,4,324,159,2,7,0
3,68,mediapeers/mpx-frontend-module-utils,mediapeers,mpx-frontend-module-utils,Organization,4,29,5,0,6,5
3,69,queicherius/mocha-checkmark-reporter,queicherius,mocha-checkmark-reporter,User,1,7,0,0,0,0
3,70,juliandavidmr/argvd,juliandavidmr,argvd,User,2,2,0,1,0,0
3,71,sulfureux/maven-cli,sulfureux,maven-cli,Organization,1,6,0,0,0,0
3,72,makerbot/locate,makerbot,locate,Organization,1,4,0,0,0,0
3,73,junior/json-shaping,junior,json-shaping,User,2,28,8,0,0,0
3,74,haoliangyu/node-project-starter,haoliangyu,node-project-starter,User,3,21,9,0,1,0
3,75,diegocosta/getvw,diegocosta,getvw,User,1,6,0,0,0,0
3,76,Pustur/pug-lint-config-pustur,pustur,pug-lint-config-pustur,User,1,9,0,0,0,0
3,77,vrinceanuv/devanilla,vrinceanuv,devanilla,User,1,80,0,0,0,0
3,78,FlorianWendelborn/codements,florianwendelborn,codements,User,1,9,0,1,0,0
3,79,wildpeaks/package-preact-render-worker,wildpeaks,package-preact-render-worker,Organization,2,90,50,1,11,0
